entity_id,state,last_changed
sensor.battery_controller_battery_setpoint,-0.0,2026-02-10T08:00:00.000Z
sensor.battery_controller_battery_setpoint,-21.0,2026-02-10T08:20:57.876Z
sensor.battery_controller_battery_setpoint,-42.0,2026-02-10T08:20:57.879Z
sensor.battery_controller_battery_setpoint,-72.0,2026-02-10T08:21:07.892Z
sensor.battery_controller_battery_setpoint,-102.0,2026-02-10T08:21:08.465Z
sensor.battery_controller_battery_setpoint,-0.0,2026-02-10T08:21:17.914Z
sensor.battery_controller_battery_setpoint,-29.0,2026-02-10T08:21:37.949Z
sensor.battery_controller_battery_setpoint,-58.0,2026-02-10T08:21:37.951Z
sensor.battery_controller_battery_setpoint,-87.0,2026-02-10T08:21:53.677Z
sensor.battery_controller_battery_setpoint,-0.0,2026-02-10T08:21:58.000Z
sensor.battery_controller_battery_setpoint,-35.0,2026-02-10T08:22:18.056Z
sensor.battery_controller_battery_setpoint,-70.0,2026-02-10T08:22:18.060Z
sensor.battery_controller_battery_setpoint,-105.0,2026-02-10T08:22:19.086Z
sensor.battery_controller_battery_setpoint,-0.0,2026-02-10T08:22:38.077Z
sensor.battery_controller_battery_setpoint,-38.0,2026-02-10T08:22:58.129Z
sensor.battery_controller_battery_setpoint,-76.0,2026-02-10T08:22:58.136Z
sensor.battery_controller_battery_setpoint,-114.0,2026-02-10T08:22:58.803Z
sensor.battery_controller_battery_setpoint,-154.0,2026-02-10T08:23:08.134Z
sensor.battery_controller_battery_setpoint,-194.0,2026-02-10T08:23:08.136Z
sensor.battery_controller_battery_setpoint,-0.0,2026-02-10T08:23:18.148Z
sensor.battery_controller_battery_setpoint,-46.0,2026-02-10T08:23:38.203Z
sensor.battery_controller_battery_setpoint,-92.0,2026-02-10T08:23:38.207Z
sensor.battery_controller_battery_setpoint,-138.0,2026-02-10T08:23:44.528Z
sensor.battery_controller_battery_setpoint,-185.0,2026-02-10T08:23:48.222Z
sensor.battery_controller_battery_setpoint,-0.0,2026-02-10T08:23:58.230Z
sensor.battery_controller_battery_setpoint,-53.0,2026-02-10T08:24:18.272Z
sensor.battery_controller_battery_setpoint,-106.0,2026-02-10T08:24:18.273Z
sensor.battery_controller_battery_setpoint,-159.0,2026-02-10T08:24:24.236Z
sensor.battery_controller_battery_setpoint,-203.0,2026-02-10T08:24:28.306Z
sensor.battery_controller_battery_setpoint,-0.0,2026-02-10T08:24:38.331Z
sensor.battery_controller_battery_setpoint,-63.0,2026-02-10T08:24:48.332Z
sensor.battery_controller_battery_setpoint,-126.0,2026-02-10T08:24:48.332Z
sensor.battery_controller_battery_setpoint,-183.0,2026-02-10T08:24:58.350Z
sensor.battery_controller_battery_setpoint,-240.0,2026-02-10T08:24:58.352Z
sensor.battery_controller_battery_setpoint,-297.0,2026-02-10T08:24:59.272Z
sensor.battery_controller_battery_setpoint,-0.0,2026-02-10T08:25:08.378Z
sensor.battery_controller_battery_setpoint,-73.0,2026-02-10T08:25:28.429Z
sensor.battery_controller_battery_setpoint,-146.0,2026-02-10T08:25:28.432Z
sensor.battery_controller_battery_setpoint,-219.0,2026-02-10T08:25:38.434Z
sensor.battery_controller_battery_setpoint,-292.0,2026-02-10T08:25:38.435Z
sensor.battery_controller_battery_setpoint,-365.0,2026-02-10T08:25:39.282Z
sensor.battery_controller_battery_setpoint,-0.0,2026-02-10T08:25:48.473Z
sensor.battery_controller_battery_setpoint,-84.0,2026-02-10T08:26:08.496Z
sensor.battery_controller_battery_setpoint,-168.0,2026-02-10T08:26:08.497Z
sensor.battery_controller_battery_setpoint,-261.0,2026-02-10T08:26:18.512Z
sensor.battery_controller_battery_setpoint,-354.0,2026-02-10T08:26:18.513Z
sensor.battery_controller_battery_setpoint,-447.0,2026-02-10T08:26:24.985Z
sensor.battery_controller_battery_setpoint,-0.0,2026-02-10T08:26:28.534Z
sensor.battery_controller_battery_setpoint,-98.0,2026-02-10T08:26:48.590Z
sensor.battery_controller_battery_setpoint,-196.0,2026-02-10T08:26:48.591Z
sensor.battery_controller_battery_setpoint,-293.0,2026-02-10T08:26:58.599Z
sensor.battery_controller_battery_setpoint,-390.0,2026-02-10T08:27:04.498Z
sensor.battery_controller_battery_setpoint,-0.0,2026-02-10T08:27:08.641Z
sensor.battery_controller_battery_setpoint,-101.0,2026-02-10T08:27:28.659Z
sensor.battery_controller_battery_setpoint,-202.0,2026-02-10T08:27:28.660Z
sensor.battery_controller_battery_setpoint,-303.0,2026-02-10T08:27:29.936Z
sensor.battery_controller_battery_setpoint,-413.0,2026-02-10T08:27:38.673Z
sensor.battery_controller_battery_setpoint,-523.0,2026-02-10T08:27:38.675Z
sensor.battery_controller_battery_setpoint,-0.0,2026-02-10T08:27:48.699Z
sensor.battery_controller_battery_setpoint,-111.0,2026-02-10T08:28:08.740Z
sensor.battery_controller_battery_setpoint,-222.0,2026-02-10T08:28:08.748Z
sensor.battery_controller_battery_setpoint,-333.0,2026-02-10T08:28:10.537Z
sensor.battery_controller_battery_setpoint,-452.0,2026-02-10T08:28:18.758Z
sensor.battery_controller_battery_setpoint,-571.0,2026-02-10T08:28:18.759Z
sensor.battery_controller_battery_setpoint,-0.0,2026-02-10T08:28:28.778Z
sensor.battery_controller_battery_setpoint,-122.0,2026-02-10T08:28:58.852Z
sensor.battery_controller_battery_setpoint,-244.0,2026-02-10T08:28:58.853Z
sensor.battery_controller_battery_setpoint,-368.0,2026-02-10T08:29:08.854Z
sensor.battery_controller_battery_setpoint,-492.0,2026-02-10T08:29:08.856Z
sensor.battery_controller_battery_setpoint,-616.0,2026-02-10T08:29:09.751Z
sensor.battery_controller_battery_setpoint,-0.0,2026-02-10T08:29:18.879Z
sensor.battery_controller_battery_setpoint,-128.0,2026-02-10T08:29:38.919Z
sensor.battery_controller_battery_setpoint,-256.0,2026-02-10T08:29:38.920Z
sensor.battery_controller_battery_setpoint,-386.0,2026-02-10T08:29:48.940Z
sensor.battery_controller_battery_setpoint,-516.0,2026-02-10T08:29:48.945Z
sensor.battery_controller_battery_setpoint,-646.0,2026-02-10T08:29:49.769Z
sensor.battery_controller_battery_setpoint,-0.0,2026-02-10T08:29:58.955Z
sensor.battery_controller_battery_setpoint,-129.0,2026-02-10T08:30:18.999Z
sensor.battery_controller_battery_setpoint,-258.0,2026-02-10T08:30:19.000Z
sensor.battery_controller_battery_setpoint,-390.0,2026-02-10T08:30:29.015Z
sensor.battery_controller_battery_setpoint,-522.0,2026-02-10T08:30:29.901Z
sensor.battery_controller_battery_setpoint,-0.0,2026-02-10T08:30:39.056Z
sensor.battery_controller_battery_setpoint,-124.0,2026-02-10T08:30:59.078Z
sensor.battery_controller_battery_setpoint,-248.0,2026-02-10T08:30:59.079Z
sensor.battery_controller_battery_setpoint,-372.0,2026-02-10T08:31:09.975Z
sensor.battery_controller_battery_setpoint,-0.0,2026-02-10T08:31:19.117Z
sensor.battery_controller_battery_setpoint,-126.0,2026-02-10T08:31:39.160Z
sensor.battery_controller_battery_setpoint,-252.0,2026-02-10T08:31:39.162Z
sensor.battery_controller_battery_setpoint,-376.0,2026-02-10T08:31:49.187Z
sensor.battery_controller_battery_setpoint,-500.0,2026-02-10T08:31:49.189Z
sensor.battery_controller_battery_setpoint,-624.0,2026-02-10T08:31:55.069Z
sensor.battery_controller_battery_setpoint,-0.0,2026-02-10T08:31:59.231Z
sensor.battery_controller_battery_setpoint,-119.0,2026-02-10T08:32:19.282Z
sensor.battery_controller_battery_setpoint,-238.0,2026-02-10T08:32:19.288Z
sensor.battery_controller_battery_setpoint,-357.0,2026-02-10T08:32:20.484Z
sensor.battery_controller_battery_setpoint,-472.0,2026-02-10T08:32:29.283Z
sensor.battery_controller_battery_setpoint,-587.0,2026-02-10T08:32:29.297Z
sensor.battery_controller_battery_setpoint,-0.0,2026-02-10T08:32:39.279Z
sensor.battery_controller_battery_setpoint,-117.0,2026-02-10T08:32:59.326Z
sensor.battery_controller_battery_setpoint,-234.0,2026-02-10T08:32:59.327Z
sensor.battery_controller_battery_setpoint,-351.0,2026-02-10T08:33:06.202Z
sensor.battery_controller_battery_setpoint,-467.0,2026-02-10T08:33:09.372Z
sensor.battery_controller_battery_setpoint,-583.0,2026-02-10T08:33:09.380Z
sensor.battery_controller_battery_setpoint,-0.0,2026-02-10T08:33:19.383Z
sensor.battery_controller_battery_setpoint,-113.0,2026-02-10T08:33:39.420Z
sensor.battery_controller_battery_setpoint,-226.0,2026-02-10T08:33:39.423Z
sensor.battery_controller_battery_setpoint,-339.0,2026-02-10T08:33:40.508Z
sensor.battery_controller_battery_setpoint,-447.0,2026-02-10T08:33:49.419Z
sensor.battery_controller_battery_setpoint,-0.0,2026-02-10T08:33:59.442Z
sensor.battery_controller_battery_setpoint,-106.0,2026-02-10T08:34:29.510Z
sensor.battery_controller_battery_setpoint,-212.0,2026-02-10T08:34:29.511Z
sensor.battery_controller_battery_setpoint,-308.0,2026-02-10T08:34:39.549Z
sensor.battery_controller_battery_setpoint,-404.0,2026-02-10T08:34:39.563Z
sensor.battery_controller_battery_setpoint,-500.0,2026-02-10T08:34:40.333Z
sensor.battery_controller_battery_setpoint,-0.0,2026-02-10T08:34:49.565Z
sensor.battery_controller_battery_setpoint,-147.0,2026-02-10T08:34:59.578Z
sensor.battery_controller_battery_setpoint,-294.0,2026-02-10T08:34:59.579Z
sensor.battery_controller_battery_setpoint,-441.0,2026-02-10T08:35:00.704Z
sensor.battery_controller_battery_setpoint,-548.0,2026-02-10T08:35:09.600Z
sensor.battery_controller_battery_setpoint,-655.0,2026-02-10T08:35:09.609Z
sensor.battery_controller_battery_setpoint,-0.0,2026-02-10T08:35:19.606Z
sensor.battery_controller_battery_setpoint,-110.0,2026-02-10T08:35:49.683Z
sensor.battery_controller_battery_setpoint,-220.0,2026-02-10T08:35:49.684Z
sensor.battery_controller_battery_setpoint,-332.0,2026-02-10T08:35:59.689Z
sensor.battery_controller_battery_setpoint,-444.0,2026-02-10T08:35:59.693Z
sensor.battery_controller_battery_setpoint,-556.0,2026-02-10T08:36:05.977Z
sensor.battery_controller_battery_setpoint,-0.0,2026-02-10T08:36:09.720Z
sensor.battery_controller_battery_setpoint,-112.0,2026-02-10T08:36:29.757Z
sensor.battery_controller_battery_setpoint,-224.0,2026-02-10T08:36:29.759Z
sensor.battery_controller_battery_setpoint,-328.0,2026-02-10T08:36:39.766Z
sensor.battery_controller_battery_setpoint,-432.0,2026-02-10T08:36:39.771Z
sensor.battery_controller_battery_setpoint,-536.0,2026-02-10T08:36:46.011Z
sensor.battery_controller_battery_setpoint,-0.0,2026-02-10T08:36:49.785Z
sensor.battery_controller_battery_setpoint,-113.0,2026-02-10T08:37:09.844Z
sensor.battery_controller_battery_setpoint,-226.0,2026-02-10T08:37:09.849Z
sensor.battery_controller_battery_setpoint,-340.0,2026-02-10T08:37:19.868Z
sensor.battery_controller_battery_setpoint,-454.0,2026-02-10T08:37:19.876Z
sensor.battery_controller_battery_setpoint,-568.0,2026-02-10T08:37:25.803Z
sensor.battery_controller_battery_setpoint,-0.0,2026-02-10T08:37:29.874Z
sensor.battery_controller_battery_setpoint,-116.0,2026-02-10T08:37:49.919Z
sensor.battery_controller_battery_setpoint,-232.0,2026-02-10T08:37:49.919Z
sensor.battery_controller_battery_setpoint,-341.0,2026-02-10T08:37:59.927Z
sensor.battery_controller_battery_setpoint,-450.0,2026-02-10T08:37:59.932Z
sensor.battery_controller_battery_setpoint,-559.0,2026-02-10T08:38:05.814Z
sensor.battery_controller_battery_setpoint,-0.0,2026-02-10T08:38:09.953Z
sensor.battery_controller_battery_setpoint,-113.0,2026-02-10T08:38:29.994Z
sensor.battery_controller_battery_setpoint,-226.0,2026-02-10T08:38:29.995Z
sensor.battery_controller_battery_setpoint,-324.0,2026-02-10T08:38:40.005Z
sensor.battery_controller_battery_setpoint,-422.0,2026-02-10T08:38:40.007Z
sensor.battery_controller_battery_setpoint,-520.0,2026-02-10T08:38:40.928Z
sensor.battery_controller_battery_setpoint,-0.0,2026-02-10T08:38:50.038Z
sensor.battery_controller_battery_setpoint,-109.0,2026-02-10T08:39:10.073Z
sensor.battery_controller_battery_setpoint,-218.0,2026-02-10T08:39:10.074Z
sensor.battery_controller_battery_setpoint,-326.0,2026-02-10T08:39:20.085Z
sensor.battery_controller_battery_setpoint,-434.0,2026-02-10T08:39:26.645Z
sensor.battery_controller_battery_setpoint,-0.0,2026-02-10T08:39:30.108Z
sensor.battery_controller_battery_setpoint,-107.0,2026-02-10T08:39:50.153Z
sensor.battery_controller_battery_setpoint,-214.0,2026-02-10T08:39:50.154Z
sensor.battery_controller_battery_setpoint,-323.0,2026-02-10T08:40:00.166Z
sensor.battery_controller_battery_setpoint,-432.0,2026-02-10T08:40:01.058Z
sensor.battery_controller_battery_setpoint,-0.0,2026-02-10T08:40:10.188Z
sensor.battery_controller_battery_setpoint,-111.0,2026-02-10T08:40:30.233Z
sensor.battery_controller_battery_setpoint,-222.0,2026-02-10T08:40:30.234Z
sensor.battery_controller_battery_setpoint,-319.0,2026-02-10T08:40:40.257Z
sensor.battery_controller_battery_setpoint,-416.0,2026-02-10T08:40:40.265Z
sensor.battery_controller_battery_setpoint,-513.0,2026-02-10T08:40:41.057Z
sensor.battery_controller_battery_setpoint,-0.0,2026-02-10T08:40:50.285Z
sensor.battery_controller_battery_setpoint,-115.0,2026-02-10T08:41:10.310Z
sensor.battery_controller_battery_setpoint,-230.0,2026-02-10T08:41:10.311Z
sensor.battery_controller_battery_setpoint,-353.0,2026-02-10T08:41:20.329Z
sensor.battery_controller_battery_setpoint,-476.0,2026-02-10T08:41:20.329Z
sensor.battery_controller_battery_setpoint,-599.0,2026-02-10T08:41:21.207Z
sensor.battery_controller_battery_setpoint,-0.0,2026-02-10T08:41:30.350Z
sensor.battery_controller_battery_setpoint,-128.0,2026-02-10T08:41:50.392Z
sensor.battery_controller_battery_setpoint,-256.0,2026-02-10T08:41:50.393Z
sensor.battery_controller_battery_setpoint,-383.0,2026-02-10T08:42:00.407Z
sensor.battery_controller_battery_setpoint,-510.0,2026-02-10T08:42:00.409Z
sensor.battery_controller_battery_setpoint,-637.0,2026-02-10T08:42:01.191Z
sensor.battery_controller_battery_setpoint,-0.0,2026-02-10T08:42:10.430Z
sensor.battery_controller_battery_setpoint,-139.0,2026-02-10T08:42:30.471Z
sensor.battery_controller_battery_setpoint,-278.0,2026-02-10T08:42:30.472Z
sensor.battery_controller_battery_setpoint,-405.0,2026-02-10T08:42:40.524Z
sensor.battery_controller_battery_setpoint,-532.0,2026-02-10T08:42:41.313Z
sensor.battery_controller_battery_setpoint,-0.0,2026-02-10T08:42:50.524Z
sensor.battery_controller_battery_setpoint,-147.0,2026-02-10T08:43:10.553Z
sensor.battery_controller_battery_setpoint,-294.0,2026-02-10T08:43:10.553Z
sensor.battery_controller_battery_setpoint,-442.0,2026-02-10T08:43:20.571Z
sensor.battery_controller_battery_setpoint,-590.0,2026-02-10T08:43:21.230Z
sensor.battery_controller_battery_setpoint,-0.0,2026-02-10T08:43:30.599Z
sensor.battery_controller_battery_setpoint,-154.0,2026-02-10T08:43:50.641Z
sensor.battery_controller_battery_setpoint,-308.0,2026-02-10T08:43:50.642Z
sensor.battery_controller_battery_setpoint,-468.0,2026-02-10T08:44:00.664Z
sensor.battery_controller_battery_setpoint,-628.0,2026-02-10T08:44:00.665Z
sensor.battery_controller_battery_setpoint,-788.0,2026-02-10T08:44:06.940Z
sensor.battery_controller_battery_setpoint,-0.0,2026-02-10T08:44:10.673Z
sensor.battery_controller_battery_setpoint,-168.0,2026-02-10T08:44:30.714Z
sensor.battery_controller_battery_setpoint,-336.0,2026-02-10T08:44:30.715Z
sensor.battery_controller_battery_setpoint,-499.0,2026-02-10T08:44:40.744Z
sensor.battery_controller_battery_setpoint,-662.0,2026-02-10T08:44:40.744Z
sensor.battery_controller_battery_setpoint,-825.0,2026-02-10T08:44:41.676Z
sensor.battery_controller_battery_setpoint,-0.0,2026-02-10T08:44:50.756Z
sensor.battery_controller_battery_setpoint,-183.0,2026-02-10T08:45:10.795Z
sensor.battery_controller_battery_setpoint,-366.0,2026-02-10T08:45:10.796Z
sensor.battery_controller_battery_setpoint,-553.0,2026-02-10T08:45:20.821Z
sensor.battery_controller_battery_setpoint,-740.0,2026-02-10T08:45:20.823Z
sensor.battery_controller_battery_setpoint,-927.0,2026-02-10T08:45:21.693Z
sensor.battery_controller_battery_setpoint,-0.0,2026-02-10T08:45:30.834Z
sensor.battery_controller_battery_setpoint,-191.0,2026-02-10T08:45:50.876Z
sensor.battery_controller_battery_setpoint,-382.0,2026-02-10T08:45:50.877Z
sensor.battery_controller_battery_setpoint,-566.0,2026-02-10T08:46:00.893Z
sensor.battery_controller_battery_setpoint,-750.0,2026-02-10T08:46:01.683Z
sensor.battery_controller_battery_setpoint,-0.0,2026-02-10T08:46:10.914Z
sensor.battery_controller_battery_setpoint,-174.0,2026-02-10T08:46:30.967Z
sensor.battery_controller_battery_setpoint,-348.0,2026-02-10T08:46:30.969Z
sensor.battery_controller_battery_setpoint,-510.0,2026-02-10T08:46:40.977Z
sensor.battery_controller_battery_setpoint,-672.0,2026-02-10T08:46:42.001Z
sensor.battery_controller_battery_setpoint,-0.0,2026-02-10T08:46:50.995Z
sensor.battery_controller_battery_setpoint,-67.0,2026-02-10T08:47:11.054Z
sensor.battery_controller_battery_setpoint,-134.0,2026-02-10T08:47:11.067Z
sensor.battery_controller_battery_setpoint,-204.0,2026-02-10T08:47:21.077Z
sensor.battery_controller_battery_setpoint,-274.0,2026-02-10T08:47:21.078Z
sensor.battery_controller_battery_setpoint,-0.0,2026-02-10T08:47:31.095Z
sensor.battery_controller_battery_setpoint,-62.0,2026-02-10T08:47:51.153Z
sensor.battery_controller_battery_setpoint,-124.0,2026-02-10T08:47:51.156Z
sensor.battery_controller_battery_setpoint,-186.0,2026-02-10T08:47:53.145Z
sensor.battery_controller_battery_setpoint,-247.0,2026-02-10T08:48:01.144Z
sensor.battery_controller_battery_setpoint,-0.0,2026-02-10T08:48:11.170Z
sensor.battery_controller_battery_setpoint,-75.0,2026-02-10T08:48:31.225Z
sensor.battery_controller_battery_setpoint,-150.0,2026-02-10T08:48:31.227Z
sensor.battery_controller_battery_setpoint,-225.0,2026-02-10T08:48:37.445Z
sensor.battery_controller_battery_setpoint,-295.0,2026-02-10T08:48:41.226Z
sensor.battery_controller_battery_setpoint,-365.0,2026-02-10T08:48:41.228Z
sensor.battery_controller_battery_setpoint,-0.0,2026-02-10T08:48:51.238Z
sensor.battery_controller_battery_setpoint,-95.0,2026-02-10T08:49:11.299Z
sensor.battery_controller_battery_setpoint,-190.0,2026-02-10T08:49:11.300Z
sensor.battery_controller_battery_setpoint,-284.0,2026-02-10T08:49:21.297Z
sensor.battery_controller_battery_setpoint,-378.0,2026-02-10T08:49:21.298Z
sensor.battery_controller_battery_setpoint,-0.0,2026-02-10T08:49:31.318Z
sensor.battery_controller_battery_setpoint,-73.0,2026-02-10T08:51:51.600Z
sensor.battery_controller_battery_setpoint,-153.0,2026-02-10T08:52:01.646Z
sensor.battery_controller_battery_setpoint,-0.0,2026-02-10T08:52:11.647Z
sensor.battery_controller_battery_setpoint,-94.0,2026-02-10T08:52:31.682Z
sensor.battery_controller_battery_setpoint,-188.0,2026-02-10T08:52:31.682Z
sensor.battery_controller_battery_setpoint,-268.0,2026-02-10T08:52:41.702Z
sensor.battery_controller_battery_setpoint,-348.0,2026-02-10T08:52:41.703Z
sensor.battery_controller_battery_setpoint,-428.0,2026-02-10T08:52:47.839Z
sensor.battery_controller_battery_setpoint,-0.0,2026-02-10T08:52:51.734Z
sensor.battery_controller_battery_setpoint,-102.0,2026-02-10T08:53:11.791Z
sensor.battery_controller_battery_setpoint,-204.0,2026-02-10T08:53:11.792Z
sensor.battery_controller_battery_setpoint,-307.0,2026-02-10T08:53:21.789Z
sensor.battery_controller_battery_setpoint,-410.0,2026-02-10T08:53:21.789Z
sensor.battery_controller_battery_setpoint,-513.0,2026-02-10T08:53:27.842Z
sensor.battery_controller_battery_setpoint,-0.0,2026-02-10T08:53:31.815Z
sensor.battery_controller_battery_setpoint,-114.0,2026-02-10T08:53:51.842Z
sensor.battery_controller_battery_setpoint,-228.0,2026-02-10T08:53:51.843Z
sensor.battery_controller_battery_setpoint,-341.0,2026-02-10T08:54:01.885Z
sensor.battery_controller_battery_setpoint,-454.0,2026-02-10T08:54:08.464Z
sensor.battery_controller_battery_setpoint,-0.0,2026-02-10T08:54:11.889Z
sensor.battery_controller_battery_setpoint,-128.0,2026-02-10T08:54:31.921Z
sensor.battery_controller_battery_setpoint,-256.0,2026-02-10T08:54:31.922Z
sensor.battery_controller_battery_setpoint,-440.0,2026-02-10T08:54:41.952Z
sensor.battery_controller_battery_setpoint,-624.0,2026-02-10T08:54:41.953Z
sensor.battery_controller_battery_setpoint,-808.0,2026-02-10T08:54:47.884Z
sensor.battery_controller_battery_setpoint,-0.0,2026-02-10T08:54:51.970Z
sensor.battery_controller_battery_setpoint,-191.0,2026-02-10T08:55:12.009Z
sensor.battery_controller_battery_setpoint,-382.0,2026-02-10T08:55:12.010Z
sensor.battery_controller_battery_setpoint,-573.0,2026-02-10T08:55:22.029Z
sensor.battery_controller_battery_setpoint,-764.0,2026-02-10T08:55:22.032Z
sensor.battery_controller_battery_setpoint,-955.0,2026-02-10T08:55:22.886Z
sensor.battery_controller_battery_setpoint,-0.0,2026-02-10T08:55:32.041Z
sensor.battery_controller_battery_setpoint,-191.0,2026-02-10T08:55:52.101Z
sensor.battery_controller_battery_setpoint,-382.0,2026-02-10T08:55:52.103Z
sensor.battery_controller_battery_setpoint,-565.0,2026-02-10T08:56:02.102Z
sensor.battery_controller_battery_setpoint,-748.0,2026-02-10T08:56:02.102Z
sensor.battery_controller_battery_setpoint,-931.0,2026-02-10T08:56:02.905Z
sensor.battery_controller_battery_setpoint,-0.0,2026-02-10T08:56:12.122Z
sensor.battery_controller_battery_setpoint,-188.0,2026-02-10T08:56:32.171Z
sensor.battery_controller_battery_setpoint,-376.0,2026-02-10T08:56:32.172Z
sensor.battery_controller_battery_setpoint,-550.0,2026-02-10T08:56:42.211Z
sensor.battery_controller_battery_setpoint,-724.0,2026-02-10T08:56:42.213Z
sensor.battery_controller_battery_setpoint,-898.0,2026-02-10T08:56:43.126Z
sensor.battery_controller_battery_setpoint,-0.0,2026-02-10T08:56:52.209Z
sensor.battery_controller_battery_setpoint,-188.0,2026-02-10T08:57:12.245Z
sensor.battery_controller_battery_setpoint,-376.0,2026-02-10T08:57:12.246Z
sensor.battery_controller_battery_setpoint,-563.0,2026-02-10T08:57:22.262Z
sensor.battery_controller_battery_setpoint,-750.0,2026-02-10T08:57:28.451Z
sensor.battery_controller_battery_setpoint,-0.0,2026-02-10T08:57:32.283Z
sensor.battery_controller_battery_setpoint,-197.0,2026-02-10T08:57:52.331Z
sensor.battery_controller_battery_setpoint,-394.0,2026-02-10T08:57:52.331Z
sensor.battery_controller_battery_setpoint,-0.0,2026-02-10T08:58:12.367Z
sensor.battery_controller_battery_setpoint,-211.0,2026-02-10T08:58:32.404Z
sensor.battery_controller_battery_setpoint,-422.0,2026-02-10T08:58:32.405Z
sensor.battery_controller_battery_setpoint,-633.0,2026-02-10T08:58:33.767Z
sensor.battery_controller_battery_setpoint,-827.0,2026-02-10T08:58:42.436Z
sensor.battery_controller_battery_setpoint,-1021.0,2026-02-10T08:58:42.444Z
sensor.battery_controller_battery_setpoint,-0.0,2026-02-10T08:58:52.452Z
sensor.battery_controller_battery_setpoint,-219.0,2026-02-10T08:59:22.529Z
sensor.battery_controller_battery_setpoint,-438.0,2026-02-10T08:59:22.535Z
sensor.battery_controller_battery_setpoint,-657.0,2026-02-10T08:59:32.524Z
sensor.battery_controller_battery_setpoint,-876.0,2026-02-10T08:59:32.525Z
sensor.battery_controller_battery_setpoint,-1095.0,2026-02-10T08:59:33.481Z
sensor.battery_controller_battery_setpoint,-0.0,2026-02-10T08:59:42.549Z
sensor.battery_controller_battery_setpoint,-227.0,2026-02-10T09:00:02.587Z
sensor.battery_controller_battery_setpoint,-454.0,2026-02-10T09:00:02.588Z
sensor.battery_controller_battery_setpoint,-682.0,2026-02-10T09:00:12.604Z
sensor.battery_controller_battery_setpoint,-910.0,2026-02-10T09:00:18.512Z
sensor.battery_controller_battery_setpoint,-0.0,2026-02-10T09:00:22.627Z
sensor.battery_controller_battery_setpoint,-239.0,2026-02-10T09:00:42.666Z
sensor.battery_controller_battery_setpoint,-478.0,2026-02-10T09:00:42.667Z
sensor.battery_controller_battery_setpoint,-704.0,2026-02-10T09:00:52.713Z
sensor.battery_controller_battery_setpoint,-930.0,2026-02-10T09:00:52.716Z
sensor.battery_controller_battery_setpoint,-1156.0,2026-02-10T09:00:53.960Z
sensor.battery_controller_battery_setpoint,-0.0,2026-02-10T09:01:02.708Z
sensor.battery_controller_battery_setpoint,-245.0,2026-02-10T09:01:22.746Z
sensor.battery_controller_battery_setpoint,-490.0,2026-02-10T09:01:22.747Z
sensor.battery_controller_battery_setpoint,-737.0,2026-02-10T09:01:32.764Z
sensor.battery_controller_battery_setpoint,-984.0,2026-02-10T09:01:33.579Z
sensor.battery_controller_battery_setpoint,-0.0,2026-02-10T09:01:42.790Z
sensor.battery_controller_battery_setpoint,-248.0,2026-02-10T09:02:02.841Z
sensor.battery_controller_battery_setpoint,-496.0,2026-02-10T09:02:02.843Z
sensor.battery_controller_battery_setpoint,-748.0,2026-02-10T09:02:12.846Z
sensor.battery_controller_battery_setpoint,-1000.0,2026-02-10T09:02:14.099Z
sensor.battery_controller_battery_setpoint,-0.0,2026-02-10T09:02:22.869Z
sensor.battery_controller_battery_setpoint,-253.0,2026-02-10T09:02:42.925Z
sensor.battery_controller_battery_setpoint,-506.0,2026-02-10T09:02:42.926Z
sensor.battery_controller_battery_setpoint,-776.0,2026-02-10T09:02:52.939Z
sensor.battery_controller_battery_setpoint,-1046.0,2026-02-10T09:02:52.940Z
sensor.battery_controller_battery_setpoint,-1200.0,2026-02-10T09:02:59.112Z
sensor.battery_controller_battery_setpoint,-0.0,2026-02-10T09:03:02.951Z
sensor.battery_controller_battery_setpoint,-281.0,2026-02-10T09:03:23.031Z
sensor.battery_controller_battery_setpoint,-562.0,2026-02-10T09:03:23.038Z
sensor.battery_controller_battery_setpoint,-844.0,2026-02-10T09:03:33.018Z
sensor.battery_controller_battery_setpoint,-0.0,2026-02-10T09:03:43.045Z
sensor.battery_controller_battery_setpoint,-286.0,2026-02-10T09:04:03.071Z
sensor.battery_controller_battery_setpoint,-572.0,2026-02-10T09:04:03.072Z
sensor.battery_controller_battery_setpoint,-858.0,2026-02-10T09:04:04.556Z
sensor.battery_controller_battery_setpoint,-1150.0,2026-02-10T09:04:13.095Z
sensor.battery_controller_battery_setpoint,-1200.0,2026-02-10T09:04:13.096Z
sensor.battery_controller_battery_setpoint,-0.0,2026-02-10T09:04:23.153Z
sensor.battery_controller_battery_setpoint,-287.0,2026-02-10T09:04:43.195Z
sensor.battery_controller_battery_setpoint,-574.0,2026-02-10T09:04:43.197Z
sensor.battery_controller_battery_setpoint,-861.0,2026-02-10T09:04:49.350Z
sensor.battery_controller_battery_setpoint,-1165.0,2026-02-10T09:04:53.172Z
sensor.battery_controller_battery_setpoint,-1200.0,2026-02-10T09:04:53.173Z
sensor.battery_controller_battery_setpoint,-0.0,2026-02-10T09:05:03.191Z
sensor.battery_controller_battery_setpoint,-316.0,2026-02-10T09:05:23.243Z
sensor.battery_controller_battery_setpoint,-632.0,2026-02-10T09:05:23.244Z
sensor.battery_controller_battery_setpoint,-948.0,2026-02-10T09:05:24.370Z
sensor.battery_controller_battery_setpoint,-1200.0,2026-02-10T09:05:33.260Z
sensor.battery_controller_battery_setpoint,-0.0,2026-02-10T09:05:43.271Z
sensor.battery_controller_battery_setpoint,-316.0,2026-02-10T09:06:03.346Z
sensor.battery_controller_battery_setpoint,-632.0,2026-02-10T09:06:03.349Z
sensor.battery_controller_battery_setpoint,-948.0,2026-02-10T09:06:09.708Z
sensor.battery_controller_battery_setpoint,-1200.0,2026-02-10T09:06:13.338Z
sensor.battery_controller_battery_setpoint,-0.0,2026-02-10T09:06:23.399Z
sensor.battery_controller_battery_setpoint,-323.0,2026-02-10T09:06:43.407Z
sensor.battery_controller_battery_setpoint,-646.0,2026-02-10T09:06:43.408Z
sensor.battery_controller_battery_setpoint,-969.0,2026-02-10T09:06:44.913Z
sensor.battery_controller_battery_setpoint,-1200.0,2026-02-10T09:06:53.435Z
sensor.battery_controller_battery_setpoint,-0.0,2026-02-10T09:07:03.451Z
sensor.battery_controller_battery_setpoint,-347.0,2026-02-10T09:07:23.472Z
sensor.battery_controller_battery_setpoint,-694.0,2026-02-10T09:07:23.473Z
sensor.battery_controller_battery_setpoint,-1041.0,2026-02-10T09:07:30.014Z
sensor.battery_controller_battery_setpoint,-1200.0,2026-02-10T09:07:33.521Z
sensor.battery_controller_battery_setpoint,-0.0,2026-02-10T09:07:43.512Z
sensor.battery_controller_battery_setpoint,-370.0,2026-02-10T09:08:03.557Z
sensor.battery_controller_battery_setpoint,-740.0,2026-02-10T09:08:03.558Z
sensor.battery_controller_battery_setpoint,-1110.0,2026-02-10T09:08:10.333Z
sensor.battery_controller_battery_setpoint,-1200.0,2026-02-10T09:08:13.576Z
sensor.battery_controller_battery_setpoint,-0.0,2026-02-10T09:08:23.609Z
sensor.battery_controller_battery_setpoint,-375.0,2026-02-10T09:08:43.638Z
sensor.battery_controller_battery_setpoint,-750.0,2026-02-10T09:08:43.639Z
sensor.battery_controller_battery_setpoint,-1125.0,2026-02-10T09:08:49.847Z
sensor.battery_controller_battery_setpoint,-1200.0,2026-02-10T09:08:53.659Z
sensor.battery_controller_battery_setpoint,-0.0,2026-02-10T09:09:03.675Z
sensor.battery_controller_battery_setpoint,-419.0,2026-02-10T09:09:23.716Z
sensor.battery_controller_battery_setpoint,-838.0,2026-02-10T09:09:23.717Z
sensor.battery_controller_battery_setpoint,-1200.0,2026-02-10T09:09:30.066Z
sensor.battery_controller_battery_setpoint,-0.0,2026-02-10T09:09:43.772Z
sensor.battery_controller_battery_setpoint,-441.0,2026-02-10T09:10:03.795Z
sensor.battery_controller_battery_setpoint,-882.0,2026-02-10T09:10:03.796Z
sensor.battery_controller_battery_setpoint,-1200.0,2026-02-10T09:10:05.296Z
sensor.battery_controller_battery_setpoint,-0.0,2026-02-10T09:10:23.836Z
sensor.battery_controller_battery_setpoint,-439.0,2026-02-10T09:10:43.876Z
sensor.battery_controller_battery_setpoint,-878.0,2026-02-10T09:10:43.878Z
sensor.battery_controller_battery_setpoint,-1200.0,2026-02-10T09:10:50.157Z
sensor.battery_controller_battery_setpoint,-0.0,2026-02-10T09:11:03.917Z
sensor.battery_controller_battery_setpoint,-462.0,2026-02-10T09:11:23.964Z
sensor.battery_controller_battery_setpoint,-924.0,2026-02-10T09:11:23.965Z
sensor.battery_controller_battery_setpoint,-1200.0,2026-02-10T09:11:25.437Z
sensor.battery_controller_battery_setpoint,-0.0,2026-02-10T09:11:43.998Z
sensor.battery_controller_battery_setpoint,-466.0,2026-02-10T09:12:04.046Z
sensor.battery_controller_battery_setpoint,-932.0,2026-02-10T09:12:04.047Z
sensor.battery_controller_battery_setpoint,-1200.0,2026-02-10T09:12:10.265Z
sensor.battery_controller_battery_setpoint,-0.0,2026-02-10T09:12:24.092Z
sensor.battery_controller_battery_setpoint,-459.0,2026-02-10T09:12:44.121Z
sensor.battery_controller_battery_setpoint,-918.0,2026-02-10T09:12:44.122Z
sensor.battery_controller_battery_setpoint,-1200.0,2026-02-10T09:12:45.275Z
sensor.battery_controller_battery_setpoint,-0.0,2026-02-10T09:13:04.164Z
sensor.battery_controller_battery_setpoint,-462.0,2026-02-10T09:13:24.212Z
sensor.battery_controller_battery_setpoint,-924.0,2026-02-10T09:13:24.213Z
sensor.battery_controller_battery_setpoint,-1200.0,2026-02-10T09:13:34.231Z
sensor.battery_controller_battery_setpoint,-0.0,2026-02-10T09:13:44.270Z
sensor.battery_controller_battery_setpoint,-469.0,2026-02-10T09:14:04.281Z
sensor.battery_controller_battery_setpoint,-938.0,2026-02-10T09:14:04.281Z
sensor.battery_controller_battery_setpoint,-1200.0,2026-02-10T09:14:14.299Z
sensor.battery_controller_battery_setpoint,-0.0,2026-02-10T09:14:34.340Z
sensor.battery_controller_battery_setpoint,-452.0,2026-02-10T09:14:54.395Z
sensor.battery_controller_battery_setpoint,-904.0,2026-02-10T09:14:54.396Z
sensor.battery_controller_battery_setpoint,-1200.0,2026-02-10T09:14:55.612Z
sensor.battery_controller_battery_setpoint,-0.0,2026-02-10T09:15:14.440Z
sensor.battery_controller_battery_setpoint,-438.0,2026-02-10T09:15:34.472Z
sensor.battery_controller_battery_setpoint,-876.0,2026-02-10T09:15:34.473Z
sensor.battery_controller_battery_setpoint,-1200.0,2026-02-10T09:15:41.029Z
sensor.battery_controller_battery_setpoint,-0.0,2026-02-10T09:15:44.481Z
sensor.battery_controller_battery_setpoint,-428.0,2026-02-10T09:15:54.501Z
sensor.battery_controller_battery_setpoint,-856.0,2026-02-10T09:15:54.502Z
sensor.battery_controller_battery_setpoint,-0.0,2026-02-10T09:16:04.522Z
sensor.battery_controller_battery_setpoint,-398.0,2026-02-10T09:16:14.557Z
sensor.battery_controller_battery_setpoint,-796.0,2026-02-10T09:16:14.560Z
sensor.battery_controller_battery_setpoint,-0.0,2026-02-10T09:16:24.561Z
sensor.battery_controller_battery_setpoint,-415.0,2026-02-10T09:16:34.582Z
sensor.battery_controller_battery_setpoint,-830.0,2026-02-10T09:16:34.583Z
sensor.battery_controller_battery_setpoint,-0.0,2026-02-10T09:16:44.606Z
sensor.battery_controller_battery_setpoint,-432.0,2026-02-10T09:16:54.623Z
sensor.battery_controller_battery_setpoint,-864.0,2026-02-10T09:16:54.624Z
sensor.battery_controller_battery_setpoint,-0.0,2026-02-10T09:17:04.641Z
sensor.battery_controller_battery_setpoint,-434.0,2026-02-10T09:17:14.667Z
sensor.battery_controller_battery_setpoint,-868.0,2026-02-10T09:17:14.670Z
sensor.battery_controller_battery_setpoint,-0.0,2026-02-10T09:17:24.693Z
sensor.battery_controller_battery_setpoint,-439.0,2026-02-10T09:17:34.738Z
sensor.battery_controller_battery_setpoint,-878.0,2026-02-10T09:17:34.740Z
sensor.battery_controller_battery_setpoint,-0.0,2026-02-10T09:17:44.725Z
sensor.battery_controller_battery_setpoint,-433.0,2026-02-10T09:17:54.744Z
sensor.battery_controller_battery_setpoint,-866.0,2026-02-10T09:17:54.745Z
sensor.battery_controller_battery_setpoint,-0.0,2026-02-10T09:18:04.792Z
sensor.battery_controller_battery_setpoint,-440.0,2026-02-10T09:18:14.783Z
sensor.battery_controller_battery_setpoint,-880.0,2026-02-10T09:18:14.784Z
sensor.battery_controller_battery_setpoint,-0.0,2026-02-10T09:18:24.805Z
sensor.battery_controller_battery_setpoint,-426.0,2026-02-10T09:18:34.956Z
sensor.battery_controller_battery_setpoint,-852.0,2026-02-10T09:18:34.957Z
sensor.battery_controller_battery_setpoint,-1200.0,2026-02-10T09:18:44.850Z
sensor.battery_controller_battery_setpoint,-0.0,2026-02-10T09:18:54.866Z
sensor.battery_controller_battery_setpoint,-418.0,2026-02-10T09:19:04.919Z
sensor.battery_controller_battery_setpoint,-836.0,2026-02-10T09:19:04.921Z
sensor.battery_controller_battery_setpoint,-1200.0,2026-02-10T09:19:14.915Z
sensor.battery_controller_battery_setpoint,-0.0,2026-02-10T09:19:24.937Z
sensor.battery_controller_battery_setpoint,-217.0,2026-02-10T09:19:34.955Z
sensor.battery_controller_battery_setpoint,-434.0,2026-02-10T09:19:34.956Z
sensor.battery_controller_battery_setpoint,-651.0,2026-02-10T09:19:36.336Z
sensor.battery_controller_battery_setpoint,-940.0,2026-02-10T09:19:44.969Z
sensor.battery_controller_battery_setpoint,-1200.0,2026-02-10T09:19:44.971Z
sensor.battery_controller_battery_setpoint,-0.0,2026-02-10T09:19:55.076Z
sensor.battery_controller_battery_setpoint,-271.0,2026-02-10T09:20:05.022Z
sensor.battery_controller_battery_setpoint,-542.0,2026-02-10T09:20:05.023Z
sensor.battery_controller_battery_setpoint,-883.0,2026-02-10T09:20:15.032Z
sensor.battery_controller_battery_setpoint,-1200.0,2026-02-10T09:20:21.243Z
sensor.battery_controller_battery_setpoint,-0.0,2026-02-10T09:20:25.049Z
sensor.battery_controller_battery_setpoint,-409.0,2026-02-10T09:20:35.074Z
sensor.battery_controller_battery_setpoint,-818.0,2026-02-10T09:20:35.075Z
sensor.battery_controller_battery_setpoint,-1200.0,2026-02-10T09:20:35.786Z
sensor.battery_controller_battery_setpoint,-0.0,2026-02-10T09:20:45.118Z
sensor.battery_controller_battery_setpoint,-408.0,2026-02-10T09:20:55.113Z
sensor.battery_controller_battery_setpoint,-816.0,2026-02-10T09:20:55.114Z
sensor.battery_controller_battery_setpoint,-1200.0,2026-02-10T09:21:05.129Z
sensor.battery_controller_battery_setpoint,-0.0,2026-02-10T09:21:15.161Z
sensor.battery_controller_battery_setpoint,-394.0,2026-02-10T09:21:25.210Z
sensor.battery_controller_battery_setpoint,-788.0,2026-02-10T09:21:25.214Z
sensor.battery_controller_battery_setpoint,-1189.0,2026-02-10T09:21:35.188Z
sensor.battery_controller_battery_setpoint,-1200.0,2026-02-10T09:21:35.192Z
sensor.battery_controller_battery_setpoint,-0.0,2026-02-10T09:21:45.234Z
sensor.battery_controller_battery_setpoint,-614.0,2026-02-10T09:21:55.227Z
sensor.battery_controller_battery_setpoint,-1200.0,2026-02-10T09:21:55.228Z
sensor.battery_controller_battery_setpoint,-0.0,2026-02-10T09:22:15.292Z
sensor.battery_controller_battery_setpoint,-145.0,2026-02-10T09:22:25.291Z
sensor.battery_controller_battery_setpoint,-290.0,2026-02-10T09:22:25.292Z
sensor.battery_controller_battery_setpoint,-666.0,2026-02-10T09:22:35.340Z
sensor.battery_controller_battery_setpoint,-1042.0,2026-02-10T09:22:35.342Z
sensor.battery_controller_battery_setpoint,-1200.0,2026-02-10T09:22:42.845Z
sensor.battery_controller_battery_setpoint,-0.0,2026-02-10T09:22:45.343Z
sensor.battery_controller_battery_setpoint,-276.0,2026-02-10T09:22:55.372Z
sensor.battery_controller_battery_setpoint,-552.0,2026-02-10T09:22:55.376Z
sensor.battery_controller_battery_setpoint,-828.0,2026-02-10T09:22:56.942Z
sensor.battery_controller_battery_setpoint,-1200.0,2026-02-10T09:23:05.404Z
sensor.battery_controller_battery_setpoint,-0.0,2026-02-10T09:23:25.412Z
sensor.battery_controller_battery_setpoint,-386.0,2026-02-10T09:23:35.431Z
sensor.battery_controller_battery_setpoint,-772.0,2026-02-10T09:23:35.432Z
sensor.battery_controller_battery_setpoint,-0.0,2026-02-10T09:23:45.452Z
sensor.battery_controller_battery_setpoint,-378.0,2026-02-10T09:23:55.472Z
sensor.battery_controller_battery_setpoint,-756.0,2026-02-10T09:23:55.473Z
sensor.battery_controller_battery_setpoint,-1135.0,2026-02-10T09:24:05.512Z
sensor.battery_controller_battery_setpoint,-1200.0,2026-02-10T09:24:05.522Z
sensor.battery_controller_battery_setpoint,-0.0,2026-02-10T09:24:15.513Z
sensor.battery_controller_battery_setpoint,-209.0,2026-02-10T09:24:25.531Z
sensor.battery_controller_battery_setpoint,-418.0,2026-02-10T09:24:25.532Z
sensor.battery_controller_battery_setpoint,-627.0,2026-02-10T09:24:28.396Z
sensor.battery_controller_battery_setpoint,-1000.0,2026-02-10T09:24:35.554Z
sensor.battery_controller_battery_setpoint,-1200.0,2026-02-10T09:24:35.555Z
sensor.battery_controller_battery_setpoint,-0.0,2026-02-10T09:24:45.575Z
sensor.battery_controller_battery_setpoint,-142.0,2026-02-10T09:24:55.594Z
sensor.battery_controller_battery_setpoint,-284.0,2026-02-10T09:24:55.597Z
sensor.battery_controller_battery_setpoint,-651.0,2026-02-10T09:25:05.615Z
sensor.battery_controller_battery_setpoint,-1018.0,2026-02-10T09:25:05.616Z
sensor.battery_controller_battery_setpoint,-1200.0,2026-02-10T09:25:11.792Z
sensor.battery_controller_battery_setpoint,-0.0,2026-02-10T09:25:15.652Z
sensor.battery_controller_battery_setpoint,-66.0,2026-02-10T09:25:25.655Z
sensor.battery_controller_battery_setpoint,-132.0,2026-02-10T09:25:25.656Z
sensor.battery_controller_battery_setpoint,-198.0,2026-02-10T09:25:26.402Z
sensor.battery_controller_battery_setpoint,-516.0,2026-02-10T09:25:35.688Z
sensor.battery_controller_battery_setpoint,-834.0,2026-02-10T09:25:35.693Z
sensor.battery_controller_battery_setpoint,-0.0,2026-02-10T09:25:45.696Z
sensor.battery_controller_battery_setpoint,-316.0,2026-02-10T09:26:05.732Z
sensor.battery_controller_battery_setpoint,-632.0,2026-02-10T09:26:12.122Z
sensor.battery_controller_battery_setpoint,-947.0,2026-02-10T09:26:15.764Z
sensor.battery_controller_battery_setpoint,-0.0,2026-02-10T09:26:25.776Z
sensor.battery_controller_battery_setpoint,-394.0,2026-02-10T09:26:45.846Z
sensor.battery_controller_battery_setpoint,-788.0,2026-02-10T09:26:45.851Z
sensor.battery_controller_battery_setpoint,-1182.0,2026-02-10T09:26:51.944Z
sensor.battery_controller_battery_setpoint,-1200.0,2026-02-10T09:26:55.868Z
sensor.battery_controller_battery_setpoint,-0.0,2026-02-10T09:27:05.877Z
sensor.battery_controller_battery_setpoint,-277.0,2026-02-10T09:27:25.933Z
sensor.battery_controller_battery_setpoint,-554.0,2026-02-10T09:27:25.935Z
sensor.battery_controller_battery_setpoint,-831.0,2026-02-10T09:27:26.953Z
sensor.battery_controller_battery_setpoint,-1107.0,2026-02-10T09:27:35.917Z
sensor.battery_controller_battery_setpoint,-1200.0,2026-02-10T09:27:35.919Z
sensor.battery_controller_battery_setpoint,-0.0,2026-02-10T09:27:45.948Z
sensor.battery_controller_battery_setpoint,-272.0,2026-02-10T09:28:05.978Z
sensor.battery_controller_battery_setpoint,-544.0,2026-02-10T09:28:06.869Z
sensor.battery_controller_battery_setpoint,-813.0,2026-02-10T09:28:16.004Z
sensor.battery_controller_battery_setpoint,-1082.0,2026-02-10T09:28:16.017Z
sensor.battery_controller_battery_setpoint,-1200.0,2026-02-10T09:28:26.033Z
sensor.battery_controller_battery_setpoint,-0.0,2026-02-10T09:28:36.042Z
sensor.battery_controller_battery_setpoint,-671.0,2026-02-10T09:28:46.078Z
sensor.battery_controller_battery_setpoint,-1200.0,2026-02-10T09:28:46.081Z
sensor.battery_controller_battery_setpoint,-0.0,2026-02-10T09:29:06.110Z
sensor.battery_controller_battery_setpoint,-690.0,2026-02-10T09:29:16.123Z
sensor.battery_controller_battery_setpoint,-1200.0,2026-02-10T09:29:16.124Z
sensor.battery_controller_battery_setpoint,-0.0,2026-02-10T09:29:36.202Z
sensor.battery_controller_battery_setpoint,-693.0,2026-02-10T09:29:46.187Z
sensor.battery_controller_battery_setpoint,-1200.0,2026-02-10T09:29:46.188Z
sensor.battery_controller_battery_setpoint,-0.0,2026-02-10T09:30:06.229Z
sensor.battery_controller_battery_setpoint,-698.0,2026-02-10T09:30:16.246Z
sensor.battery_controller_battery_setpoint,-1200.0,2026-02-10T09:30:16.247Z
sensor.battery_controller_battery_setpoint,-0.0,2026-02-10T09:30:36.297Z
sensor.battery_controller_battery_setpoint,-533.0,2026-02-10T09:30:46.303Z
sensor.battery_controller_battery_setpoint,-1066.0,2026-02-10T09:30:46.304Z
sensor.battery_controller_battery_setpoint,-0.0,2026-02-10T09:30:56.328Z
sensor.battery_controller_battery_setpoint,-413.0,2026-02-10T09:31:06.347Z
sensor.battery_controller_battery_setpoint,-826.0,2026-02-10T09:31:06.348Z
sensor.battery_controller_battery_setpoint,-1120.0,2026-02-10T09:31:16.369Z
sensor.battery_controller_battery_setpoint,-1200.0,2026-02-10T09:31:16.370Z
sensor.battery_controller_battery_setpoint,-0.0,2026-02-10T09:31:26.387Z
sensor.battery_controller_battery_setpoint,-743.0,2026-02-10T09:31:36.405Z
sensor.battery_controller_battery_setpoint,-1200.0,2026-02-10T09:31:36.406Z
sensor.battery_controller_battery_setpoint,-0.0,2026-02-10T09:31:56.477Z
sensor.battery_controller_battery_setpoint,-310.0,2026-02-10T09:32:16.489Z
sensor.battery_controller_battery_setpoint,-620.0,2026-02-10T09:32:16.490Z
sensor.battery_controller_battery_setpoint,-930.0,2026-02-10T09:32:17.738Z
sensor.battery_controller_battery_setpoint,-1200.0,2026-02-10T09:32:26.504Z
sensor.battery_controller_battery_setpoint,-0.0,2026-02-10T09:32:36.543Z
sensor.battery_controller_battery_setpoint,-731.0,2026-02-10T09:32:46.547Z
sensor.battery_controller_battery_setpoint,-1200.0,2026-02-10T09:32:46.548Z
sensor.battery_controller_battery_setpoint,-0.0,2026-02-10T09:32:56.568Z
sensor.battery_controller_battery_setpoint,-722.0,2026-02-10T09:33:06.587Z
sensor.battery_controller_battery_setpoint,-1200.0,2026-02-10T09:33:06.588Z
sensor.battery_controller_battery_setpoint,-0.0,2026-02-10T09:33:26.632Z
sensor.battery_controller_battery_setpoint,-341.0,2026-02-10T09:33:46.672Z
sensor.battery_controller_battery_setpoint,-682.0,2026-02-10T09:33:46.673Z
sensor.battery_controller_battery_setpoint,-0.0,2026-02-10T09:33:56.692Z
sensor.battery_controller_battery_setpoint,-150.0,2026-02-10T09:34:06.709Z
sensor.battery_controller_battery_setpoint,-300.0,2026-02-10T09:34:06.710Z
sensor.battery_controller_battery_setpoint,-450.0,2026-02-10T09:34:08.098Z
sensor.battery_controller_battery_setpoint,-814.0,2026-02-10T09:34:16.727Z
sensor.battery_controller_battery_setpoint,-884.0,2026-02-10T09:34:26.755Z
sensor.battery_controller_battery_setpoint,-954.0,2026-02-10T09:34:26.759Z
sensor.battery_controller_battery_setpoint,-1024.0,2026-02-10T09:34:27.904Z
sensor.battery_controller_battery_setpoint,-0.0,2026-02-10T09:34:36.790Z
sensor.battery_controller_battery_setpoint,-374.0,2026-02-10T09:34:56.813Z
sensor.battery_controller_battery_setpoint,-748.0,2026-02-10T09:34:56.814Z
sensor.battery_controller_battery_setpoint,-1123.0,2026-02-10T09:35:06.834Z
sensor.battery_controller_battery_setpoint,-1200.0,2026-02-10T09:35:06.836Z
sensor.battery_controller_battery_setpoint,-0.0,2026-02-10T09:35:16.861Z
sensor.battery_controller_battery_setpoint,-377.0,2026-02-10T09:35:36.901Z
sensor.battery_controller_battery_setpoint,-754.0,2026-02-10T09:35:36.902Z
sensor.battery_controller_battery_setpoint,-1137.0,2026-02-10T09:35:46.919Z
sensor.battery_controller_battery_setpoint,-1200.0,2026-02-10T09:35:46.922Z
sensor.battery_controller_battery_setpoint,-0.0,2026-02-10T09:35:56.954Z
sensor.battery_controller_battery_setpoint,-378.0,2026-02-10T09:36:17.012Z
sensor.battery_controller_battery_setpoint,-756.0,2026-02-10T09:36:17.018Z
sensor.battery_controller_battery_setpoint,-1133.0,2026-02-10T09:36:26.994Z
sensor.battery_controller_battery_setpoint,-1200.0,2026-02-10T09:36:28.047Z
sensor.battery_controller_battery_setpoint,-0.0,2026-02-10T09:36:37.012Z
sensor.battery_controller_battery_setpoint,-365.0,2026-02-10T09:36:57.063Z
sensor.battery_controller_battery_setpoint,-730.0,2026-02-10T09:36:57.063Z
sensor.battery_controller_battery_setpoint,-1080.0,2026-02-10T09:37:07.077Z
sensor.battery_controller_battery_setpoint,-1200.0,2026-02-10T09:37:07.078Z
sensor.battery_controller_battery_setpoint,-0.0,2026-02-10T09:37:17.112Z
sensor.battery_controller_battery_setpoint,-352.0,2026-02-10T09:37:37.134Z
sensor.battery_controller_battery_setpoint,-704.0,2026-02-10T09:37:37.135Z
sensor.battery_controller_battery_setpoint,-1056.0,2026-02-10T09:37:48.075Z
sensor.battery_controller_battery_setpoint,-0.0,2026-02-10T09:37:57.197Z
sensor.battery_controller_battery_setpoint,-343.0,2026-02-10T09:38:17.213Z
sensor.battery_controller_battery_setpoint,-686.0,2026-02-10T09:38:17.214Z
sensor.battery_controller_battery_setpoint,-1029.0,2026-02-10T09:38:33.485Z
sensor.battery_controller_battery_setpoint,-0.0,2026-02-10T09:38:37.255Z
sensor.battery_controller_battery_setpoint,-335.0,2026-02-10T09:38:57.297Z
sensor.battery_controller_battery_setpoint,-670.0,2026-02-10T09:38:57.298Z
sensor.battery_controller_battery_setpoint,-1009.0,2026-02-10T09:39:07.340Z
sensor.battery_controller_battery_setpoint,-1200.0,2026-02-10T09:39:07.347Z
sensor.battery_controller_battery_setpoint,-0.0,2026-02-10T09:39:17.336Z
sensor.battery_controller_battery_setpoint,-348.0,2026-02-10T09:39:37.415Z
sensor.battery_controller_battery_setpoint,-696.0,2026-02-10T09:39:37.422Z
sensor.battery_controller_battery_setpoint,-1044.0,2026-02-10T09:39:38.738Z
sensor.battery_controller_battery_setpoint,-1200.0,2026-02-10T09:39:47.430Z
sensor.battery_controller_battery_setpoint,-0.0,2026-02-10T09:39:57.457Z
sensor.battery_controller_battery_setpoint,-376.0,2026-02-10T09:40:17.457Z
sensor.battery_controller_battery_setpoint,-752.0,2026-02-10T09:40:17.457Z
sensor.battery_controller_battery_setpoint,-1128.0,2026-02-10T09:40:18.428Z
sensor.battery_controller_battery_setpoint,-1200.0,2026-02-10T09:40:27.476Z
sensor.battery_controller_battery_setpoint,-0.0,2026-02-10T09:40:37.500Z
sensor.battery_controller_battery_setpoint,-392.0,2026-02-10T09:40:57.550Z
sensor.battery_controller_battery_setpoint,-784.0,2026-02-10T09:40:57.551Z
sensor.battery_controller_battery_setpoint,-1176.0,2026-02-10T09:40:58.805Z
sensor.battery_controller_battery_setpoint,-1200.0,2026-02-10T09:41:07.568Z
sensor.battery_controller_battery_setpoint,-0.0,2026-02-10T09:41:17.579Z
sensor.battery_controller_battery_setpoint,-431.0,2026-02-10T09:41:37.617Z
sensor.battery_controller_battery_setpoint,-862.0,2026-02-10T09:41:37.619Z
sensor.battery_controller_battery_setpoint,-1200.0,2026-02-10T09:41:38.511Z
sensor.battery_controller_battery_setpoint,-0.0,2026-02-10T09:41:57.668Z
sensor.battery_controller_battery_setpoint,-77.0,2026-02-10T09:42:07.703Z
sensor.battery_controller_battery_setpoint,-154.0,2026-02-10T09:42:07.711Z
sensor.battery_controller_battery_setpoint,-709.0,2026-02-10T09:42:17.699Z
sensor.battery_controller_battery_setpoint,-1200.0,2026-02-10T09:42:17.700Z
sensor.battery_controller_battery_setpoint,-0.0,2026-02-10T09:42:37.741Z
sensor.battery_controller_battery_setpoint,-576.0,2026-02-10T09:42:57.789Z
sensor.battery_controller_battery_setpoint,-1152.0,2026-02-10T09:42:57.790Z
sensor.battery_controller_battery_setpoint,-1200.0,2026-02-10T09:43:04.072Z
sensor.battery_controller_battery_setpoint,-0.0,2026-02-10T09:43:07.836Z
sensor.battery_controller_battery_setpoint,-565.0,2026-02-10T09:43:27.840Z
sensor.battery_controller_battery_setpoint,-1130.0,2026-02-10T09:43:27.842Z
sensor.battery_controller_battery_setpoint,-1200.0,2026-02-10T09:43:37.861Z
sensor.battery_controller_battery_setpoint,-0.0,2026-02-10T09:43:47.898Z
sensor.battery_controller_battery_setpoint,-543.0,2026-02-10T09:44:07.921Z
sensor.battery_controller_battery_setpoint,-1086.0,2026-02-10T09:44:07.922Z
sensor.battery_controller_battery_setpoint,-1200.0,2026-02-10T09:44:17.950Z
sensor.battery_controller_battery_setpoint,-0.0,2026-02-10T09:44:27.964Z
sensor.battery_controller_battery_setpoint,-555.0,2026-02-10T09:44:48.045Z
sensor.battery_controller_battery_setpoint,-1110.0,2026-02-10T09:44:48.052Z
sensor.battery_controller_battery_setpoint,-1200.0,2026-02-10T09:44:49.573Z
sensor.battery_controller_battery_setpoint,-0.0,2026-02-10T09:45:08.050Z
sensor.battery_controller_battery_setpoint,-535.0,2026-02-10T09:45:28.092Z
sensor.battery_controller_battery_setpoint,-1070.0,2026-02-10T09:45:28.093Z
sensor.battery_controller_battery_setpoint,-1200.0,2026-02-10T09:45:29.231Z
sensor.battery_controller_battery_setpoint,-0.0,2026-02-10T09:45:48.138Z
sensor.battery_controller_battery_setpoint,-462.0,2026-02-10T09:46:08.173Z
sensor.battery_controller_battery_setpoint,-924.0,2026-02-10T09:46:08.174Z
sensor.battery_controller_battery_setpoint,-1200.0,2026-02-10T09:46:09.308Z
sensor.battery_controller_battery_setpoint,-0.0,2026-02-10T09:46:28.229Z
sensor.battery_controller_battery_setpoint,-421.0,2026-02-10T09:46:48.258Z
sensor.battery_controller_battery_setpoint,-842.0,2026-02-10T09:46:48.259Z
sensor.battery_controller_battery_setpoint,-1200.0,2026-02-10T09:46:49.751Z
sensor.battery_controller_battery_setpoint,-0.0,2026-02-10T09:47:08.325Z
sensor.battery_controller_battery_setpoint,-392.0,2026-02-10T09:47:28.332Z
sensor.battery_controller_battery_setpoint,-784.0,2026-02-10T09:47:28.332Z
sensor.battery_controller_battery_setpoint,-1176.0,2026-02-10T09:47:29.348Z
sensor.battery_controller_battery_setpoint,-1200.0,2026-02-10T09:47:38.353Z
sensor.battery_controller_battery_setpoint,-0.0,2026-02-10T09:47:48.368Z
sensor.battery_controller_battery_setpoint,-341.0,2026-02-10T09:48:08.406Z
sensor.battery_controller_battery_setpoint,-682.0,2026-02-10T09:48:08.407Z
sensor.battery_controller_battery_setpoint,-1023.0,2026-02-10T09:48:09.274Z
sensor.battery_controller_battery_setpoint,-1200.0,2026-02-10T09:48:18.426Z
sensor.battery_controller_battery_setpoint,-0.0,2026-02-10T09:48:28.447Z
sensor.battery_controller_battery_setpoint,-323.0,2026-02-10T09:48:48.491Z
sensor.battery_controller_battery_setpoint,-646.0,2026-02-10T09:48:48.495Z
sensor.battery_controller_battery_setpoint,-969.0,2026-02-10T09:48:49.380Z
sensor.battery_controller_battery_setpoint,-1200.0,2026-02-10T09:48:58.512Z
sensor.battery_controller_battery_setpoint,-0.0,2026-02-10T09:49:08.536Z
sensor.battery_controller_battery_setpoint,-287.0,2026-02-10T09:49:28.573Z
sensor.battery_controller_battery_setpoint,-574.0,2026-02-10T09:49:28.578Z
sensor.battery_controller_battery_setpoint,-861.0,2026-02-10T09:49:35.001Z
sensor.battery_controller_battery_setpoint,-1145.0,2026-02-10T09:49:38.618Z
sensor.battery_controller_battery_setpoint,-1200.0,2026-02-10T09:49:38.627Z
sensor.battery_controller_battery_setpoint,-0.0,2026-02-10T09:49:48.619Z
sensor.battery_controller_battery_setpoint,-276.0,2026-02-10T09:50:08.665Z
sensor.battery_controller_battery_setpoint,-552.0,2026-02-10T09:50:08.668Z
sensor.battery_controller_battery_setpoint,-828.0,2026-02-10T09:50:15.340Z
sensor.battery_controller_battery_setpoint,-1100.0,2026-02-10T09:50:18.669Z
sensor.battery_controller_battery_setpoint,-1200.0,2026-02-10T09:50:18.671Z
sensor.battery_controller_battery_setpoint,-0.0,2026-02-10T09:50:28.689Z
sensor.battery_controller_battery_setpoint,-281.0,2026-02-10T09:50:48.740Z
sensor.battery_controller_battery_setpoint,-562.0,2026-02-10T09:50:48.741Z
sensor.battery_controller_battery_setpoint,-843.0,2026-02-10T09:50:50.275Z
sensor.battery_controller_battery_setpoint,-1129.0,2026-02-10T09:50:58.775Z
sensor.battery_controller_battery_setpoint,-1200.0,2026-02-10T09:50:58.786Z
sensor.battery_controller_battery_setpoint,-0.0,2026-02-10T09:51:08.783Z
sensor.battery_controller_battery_setpoint,-294.0,2026-02-10T09:51:28.816Z
sensor.battery_controller_battery_setpoint,-588.0,2026-02-10T09:51:28.817Z
sensor.battery_controller_battery_setpoint,-882.0,2026-02-10T09:51:35.891Z
sensor.battery_controller_battery_setpoint,-1173.0,2026-02-10T09:51:38.835Z
sensor.battery_controller_battery_setpoint,-0.0,2026-02-10T09:51:48.866Z
sensor.battery_controller_battery_setpoint,-200.0,2026-02-10T09:52:18.911Z
sensor.battery_controller_battery_setpoint,-400.0,2026-02-10T09:52:18.911Z
sensor.battery_controller_battery_setpoint,-593.0,2026-02-10T09:52:28.930Z
sensor.battery_controller_battery_setpoint,-786.0,2026-02-10T09:52:35.205Z
sensor.battery_controller_battery_setpoint,-0.0,2026-02-10T09:52:38.969Z
sensor.battery_controller_battery_setpoint,-190.0,2026-02-10T09:52:58.996Z
sensor.battery_controller_battery_setpoint,-380.0,2026-02-10T09:52:58.998Z
sensor.battery_controller_battery_setpoint,-560.0,2026-02-10T09:53:09.015Z
sensor.battery_controller_battery_setpoint,-740.0,2026-02-10T09:53:09.018Z
sensor.battery_controller_battery_setpoint,-920.0,2026-02-10T09:53:09.822Z
sensor.battery_controller_battery_setpoint,-0.0,2026-02-10T09:53:19.054Z
sensor.battery_controller_battery_setpoint,-178.0,2026-02-10T09:53:39.084Z
sensor.battery_controller_battery_setpoint,-356.0,2026-02-10T09:53:39.085Z
sensor.battery_controller_battery_setpoint,-542.0,2026-02-10T09:53:49.094Z
sensor.battery_controller_battery_setpoint,-728.0,2026-02-10T09:53:50.033Z
sensor.battery_controller_battery_setpoint,-0.0,2026-02-10T09:53:59.126Z
sensor.battery_controller_battery_setpoint,-306.0,2026-02-10T09:54:19.187Z
sensor.battery_controller_battery_setpoint,-612.0,2026-02-10T09:54:19.189Z
sensor.battery_controller_battery_setpoint,-923.0,2026-02-10T09:54:29.198Z
sensor.battery_controller_battery_setpoint,-1200.0,2026-02-10T09:54:29.200Z
sensor.battery_controller_battery_setpoint,-0.0,2026-02-10T09:54:39.209Z
sensor.battery_controller_battery_setpoint,-320.0,2026-02-10T09:54:59.243Z
sensor.battery_controller_battery_setpoint,-640.0,2026-02-10T09:54:59.244Z
sensor.battery_controller_battery_setpoint,-960.0,2026-02-10T09:55:00.768Z
sensor.battery_controller_battery_setpoint,-1200.0,2026-02-10T09:55:09.267Z
sensor.battery_controller_battery_setpoint,-0.0,2026-02-10T09:55:19.297Z
sensor.battery_controller_battery_setpoint,-320.0,2026-02-10T09:55:39.351Z
sensor.battery_controller_battery_setpoint,-640.0,2026-02-10T09:55:39.353Z
sensor.battery_controller_battery_setpoint,-960.0,2026-02-10T09:55:45.894Z
sensor.battery_controller_battery_setpoint,-1200.0,2026-02-10T09:55:49.333Z
sensor.battery_controller_battery_setpoint,-0.0,2026-02-10T09:55:59.357Z
sensor.battery_controller_battery_setpoint,-302.0,2026-02-10T09:56:19.417Z
sensor.battery_controller_battery_setpoint,-604.0,2026-02-10T09:56:19.418Z
sensor.battery_controller_battery_setpoint,-906.0,2026-02-10T09:56:20.991Z
sensor.battery_controller_battery_setpoint,-1200.0,2026-02-10T09:56:29.414Z
sensor.battery_controller_battery_setpoint,-0.0,2026-02-10T09:56:39.441Z
sensor.battery_controller_battery_setpoint,-298.0,2026-02-10T09:56:59.481Z
sensor.battery_controller_battery_setpoint,-596.0,2026-02-10T09:56:59.482Z
sensor.battery_controller_battery_setpoint,-894.0,2026-02-10T09:57:06.030Z
sensor.battery_controller_battery_setpoint,-1193.0,2026-02-10T09:57:09.507Z
sensor.battery_controller_battery_setpoint,-0.0,2026-02-10T09:57:19.527Z
sensor.battery_controller_battery_setpoint,-301.0,2026-02-10T09:57:39.557Z
sensor.battery_controller_battery_setpoint,-602.0,2026-02-10T09:57:39.559Z
sensor.battery_controller_battery_setpoint,-903.0,2026-02-10T09:57:40.727Z
sensor.battery_controller_battery_setpoint,-1200.0,2026-02-10T09:57:49.597Z
sensor.battery_controller_battery_setpoint,-0.0,2026-02-10T09:57:59.594Z
sensor.battery_controller_battery_setpoint,-273.0,2026-02-10T09:58:19.664Z
sensor.battery_controller_battery_setpoint,-546.0,2026-02-10T09:58:19.666Z
sensor.battery_controller_battery_setpoint,-819.0,2026-02-10T09:58:26.345Z
sensor.battery_controller_battery_setpoint,-1087.0,2026-02-10T09:58:29.655Z
sensor.battery_controller_battery_setpoint,-0.0,2026-02-10T09:58:39.677Z
sensor.battery_controller_battery_setpoint,-248.0,2026-02-10T09:58:59.726Z
sensor.battery_controller_battery_setpoint,-496.0,2026-02-10T09:58:59.727Z
sensor.battery_controller_battery_setpoint,-744.0,2026-02-10T09:59:01.456Z
sensor.battery_controller_battery_setpoint,-987.0,2026-02-10T09:59:09.736Z
sensor.battery_controller_battery_setpoint,-1200.0,2026-02-10T09:59:09.737Z
sensor.battery_controller_battery_setpoint,-0.0,2026-02-10T09:59:19.788Z
sensor.battery_controller_battery_setpoint,-225.0,2026-02-10T09:59:39.797Z
sensor.battery_controller_battery_setpoint,-450.0,2026-02-10T09:59:39.798Z
sensor.battery_controller_battery_setpoint,-675.0,2026-02-10T09:59:49.841Z
sensor.battery_controller_battery_setpoint,-900.0,2026-02-10T09:59:49.847Z
sensor.battery_controller_battery_setpoint,-1125.0,2026-02-10T09:59:51.181Z
sensor.battery_controller_battery_setpoint,-0.0,2026-02-10T09:59:59.848Z
sensor.battery_controller_battery_setpoint,-181.0,2026-02-10T10:00:19.895Z
sensor.battery_controller_battery_setpoint,-362.0,2026-02-10T10:00:19.896Z
sensor.battery_controller_battery_setpoint,-536.0,2026-02-10T10:00:29.911Z
sensor.battery_controller_battery_setpoint,-710.0,2026-02-10T10:00:31.883Z
sensor.battery_controller_battery_setpoint,-0.0,2026-02-10T10:00:39.928Z
sensor.battery_controller_battery_setpoint,-149.0,2026-02-10T10:00:59.981Z
sensor.battery_controller_battery_setpoint,-298.0,2026-02-10T10:00:59.984Z
sensor.battery_controller_battery_setpoint,-449.0,2026-02-10T10:01:09.978Z
sensor.battery_controller_battery_setpoint,-600.0,2026-02-10T10:01:09.980Z
sensor.battery_controller_battery_setpoint,-751.0,2026-02-10T10:01:16.280Z
sensor.battery_controller_battery_setpoint,-0.0,2026-02-10T10:01:20.036Z
sensor.battery_controller_battery_setpoint,-126.0,2026-02-10T10:01:40.066Z
sensor.battery_controller_battery_setpoint,-252.0,2026-02-10T10:01:40.068Z
sensor.battery_controller_battery_setpoint,-372.0,2026-02-10T10:01:50.061Z
sensor.battery_controller_battery_setpoint,-492.0,2026-02-10T10:01:50.062Z
sensor.battery_controller_battery_setpoint,-612.0,2026-02-10T10:01:56.096Z
sensor.battery_controller_battery_setpoint,-0.0,2026-02-10T10:02:00.084Z
sensor.battery_controller_battery_setpoint,-109.0,2026-02-10T10:02:20.122Z
sensor.battery_controller_battery_setpoint,-218.0,2026-02-10T10:02:20.123Z
sensor.battery_controller_battery_setpoint,-328.0,2026-02-10T10:02:30.154Z
sensor.battery_controller_battery_setpoint,-438.0,2026-02-10T10:02:30.158Z
sensor.battery_controller_battery_setpoint,-548.0,2026-02-10T10:02:31.213Z
sensor.battery_controller_battery_setpoint,-0.0,2026-02-10T10:02:40.196Z
sensor.battery_controller_battery_setpoint,-104.0,2026-02-10T10:03:00.203Z
sensor.battery_controller_battery_setpoint,-208.0,2026-02-10T10:03:00.204Z
sensor.battery_controller_battery_setpoint,-308.0,2026-02-10T10:03:10.222Z
sensor.battery_controller_battery_setpoint,-408.0,2026-02-10T10:03:10.229Z
sensor.battery_controller_battery_setpoint,-508.0,2026-02-10T10:03:11.145Z
sensor.battery_controller_battery_setpoint,-0.0,2026-02-10T10:03:20.241Z
sensor.battery_controller_battery_setpoint,-85.0,2026-02-10T10:03:40.287Z
sensor.battery_controller_battery_setpoint,-170.0,2026-02-10T10:03:40.288Z
sensor.battery_controller_battery_setpoint,-251.0,2026-02-10T10:03:50.301Z
sensor.battery_controller_battery_setpoint,-332.0,2026-02-10T10:03:50.303Z
sensor.battery_controller_battery_setpoint,-413.0,2026-02-10T10:03:51.346Z
sensor.battery_controller_battery_setpoint,-0.0,2026-02-10T10:04:00.329Z
sensor.battery_controller_battery_setpoint,-65.0,2026-02-10T10:04:20.371Z
sensor.battery_controller_battery_setpoint,-130.0,2026-02-10T10:04:20.378Z
sensor.battery_controller_battery_setpoint,-184.0,2026-02-10T10:04:30.386Z
sensor.battery_controller_battery_setpoint,-238.0,2026-02-10T10:04:30.387Z
sensor.battery_controller_battery_setpoint,-292.0,2026-02-10T10:04:31.483Z
sensor.battery_controller_battery_setpoint,-0.0,2026-02-10T10:04:40.411Z
sensor.battery_controller_battery_setpoint,-84.0,2026-02-10T10:05:00.452Z
sensor.battery_controller_battery_setpoint,-168.0,2026-02-10T10:05:00.453Z
sensor.battery_controller_battery_setpoint,-270.0,2026-02-10T10:05:10.464Z
sensor.battery_controller_battery_setpoint,-372.0,2026-02-10T10:05:10.465Z
sensor.battery_controller_battery_setpoint,-474.0,2026-02-10T10:05:11.581Z
sensor.battery_controller_battery_setpoint,-0.0,2026-02-10T10:05:20.495Z
sensor.battery_controller_battery_setpoint,-95.0,2026-02-10T10:05:40.525Z
sensor.battery_controller_battery_setpoint,-190.0,2026-02-10T10:05:40.526Z
sensor.battery_controller_battery_setpoint,-287.0,2026-02-10T10:05:50.546Z
sensor.battery_controller_battery_setpoint,-384.0,2026-02-10T10:05:50.549Z
sensor.battery_controller_battery_setpoint,-481.0,2026-02-10T10:05:56.491Z
sensor.battery_controller_battery_setpoint,-0.0,2026-02-10T10:06:00.568Z
sensor.battery_controller_battery_setpoint,-94.0,2026-02-10T10:06:20.605Z
sensor.battery_controller_battery_setpoint,-188.0,2026-02-10T10:06:20.606Z
sensor.battery_controller_battery_setpoint,-280.0,2026-02-10T10:06:30.632Z
sensor.battery_controller_battery_setpoint,-372.0,2026-02-10T10:06:30.633Z
sensor.battery_controller_battery_setpoint,-464.0,2026-02-10T10:06:36.922Z
sensor.battery_controller_battery_setpoint,-0.0,2026-02-10T10:06:40.661Z
sensor.battery_controller_battery_setpoint,-83.0,2026-02-10T10:07:00.702Z
sensor.battery_controller_battery_setpoint,-166.0,2026-02-10T10:07:00.703Z
sensor.battery_controller_battery_setpoint,-246.0,2026-02-10T10:07:10.706Z
sensor.battery_controller_battery_setpoint,-326.0,2026-02-10T10:07:10.706Z
sensor.battery_controller_battery_setpoint,-406.0,2026-02-10T10:07:17.521Z
sensor.battery_controller_battery_setpoint,-0.0,2026-02-10T10:07:20.751Z
sensor.battery_controller_battery_setpoint,-84.0,2026-02-10T10:07:40.769Z
sensor.battery_controller_battery_setpoint,-168.0,2026-02-10T10:07:40.769Z
sensor.battery_controller_battery_setpoint,-258.0,2026-02-10T10:07:50.808Z
sensor.battery_controller_battery_setpoint,-348.0,2026-02-10T10:07:57.161Z
sensor.battery_controller_battery_setpoint,-0.0,2026-02-10T10:08:00.807Z
sensor.battery_controller_battery_setpoint,-93.0,2026-02-10T10:08:20.860Z
sensor.battery_controller_battery_setpoint,-186.0,2026-02-10T10:08:20.861Z
sensor.battery_controller_battery_setpoint,-282.0,2026-02-10T10:08:30.868Z
sensor.battery_controller_battery_setpoint,-378.0,2026-02-10T10:08:37.759Z
sensor.battery_controller_battery_setpoint,-0.0,2026-02-10T10:08:40.886Z
sensor.battery_controller_battery_setpoint,-92.0,2026-02-10T10:09:00.931Z
sensor.battery_controller_battery_setpoint,-184.0,2026-02-10T10:09:00.931Z
sensor.battery_controller_battery_setpoint,-275.0,2026-02-10T10:09:10.956Z
sensor.battery_controller_battery_setpoint,-366.0,2026-02-10T10:09:17.075Z
sensor.battery_controller_battery_setpoint,-0.0,2026-02-10T10:09:20.979Z
sensor.battery_controller_battery_setpoint,-94.0,2026-02-10T10:09:41.026Z
sensor.battery_controller_battery_setpoint,-188.0,2026-02-10T10:09:41.027Z
sensor.battery_controller_battery_setpoint,-282.0,2026-02-10T10:09:51.041Z
sensor.battery_controller_battery_setpoint,-376.0,2026-02-10T10:09:51.042Z
sensor.battery_controller_battery_setpoint,-0.0,2026-02-10T10:10:01.049Z
sensor.battery_controller_battery_setpoint,-93.0,2026-02-10T10:10:21.092Z
sensor.battery_controller_battery_setpoint,-186.0,2026-02-10T10:10:21.093Z
sensor.battery_controller_battery_setpoint,-279.0,2026-02-10T10:10:28.178Z
sensor.battery_controller_battery_setpoint,-372.0,2026-02-10T10:10:31.121Z
sensor.battery_controller_battery_setpoint,-465.0,2026-02-10T10:10:31.122Z
sensor.battery_controller_battery_setpoint,-0.0,2026-02-10T10:10:41.134Z
sensor.battery_controller_battery_setpoint,-24.0,2026-02-10T10:11:01.194Z
sensor.battery_controller_battery_setpoint,-48.0,2026-02-10T10:11:01.195Z
sensor.battery_controller_battery_setpoint,-72.0,2026-02-10T10:11:02.433Z
sensor.battery_controller_battery_setpoint,-100.0,2026-02-10T10:11:11.197Z
sensor.battery_controller_battery_setpoint,-128.0,2026-02-10T10:11:11.198Z
sensor.battery_controller_battery_setpoint,-157.0,2026-02-10T10:11:21.219Z
sensor.battery_controller_battery_setpoint,-186.0,2026-02-10T10:11:22.751Z
sensor.battery_controller_battery_setpoint,-0.0,2026-02-10T10:11:31.236Z
